﻿EAN,SKU,Nume,Preț EUR,Preț RON,Descriere,Stock,Brand,Tags,Imagine Principală,Imagini Suplimentare,Total Imagini
,WEBGSM-orange-9355,"Charging Port Flex Cable for iPhone 17 Pro Max (Premium) (International Version) (Cosmic Orange)








Copy",51.96,258.24,"Produs Charging Port Flex Cable for iPhone 17 Pro Max (Premium) (International Version) (Cosmic Orange)








Copy",100,Apple,"iPhone, Pro Max, Charging Port, Premium",images\charging-port-flex-cable-for-iphone-17-pro-max-pre_1.webp,images\charging-port-flex-cable-for-iphone-17-pro-max-pre_2.webp; images\charging-port-flex-cable-for-iphone-17-pro-max-pre_3.webp; images\charging-port-flex-cable-for-iphone-17-pro-max-pre_4.webp; images\charging-port-flex-cable-for-iphone-17-pro-max-pre_5.webp; images\charging-port-flex-cable-for-iphone-17-pro-max-pre_6.webp,6
